SYMBOL,SYMBOL.NS
20MICRONS,20MICRONS.NS
21STCENMGM,21STCENMGM.NS
3IINFOTECH,3IINFOTECH.NS
3MINDIA,3MINDIA.NS
3PLAND,3PLAND.NS
5PAISA,5PAISA.NS
63MOONS,63MOONS.NS
719GS2060,719GS2060.NS
732GS2024,732GS2024.NS
74GS2035,74GS2035.NS
833GS2036,833GS2036.NS
8KMILES,8KMILES.NS
A2ZINFRA,A2ZINFRA.NS
AARON,AARON.NS
AARTIDRUGS,AARTIDRUGS.NS
AARTIIND,AARTIIND.NS
AARTISURF,AARTISURF.NS
AARVEEDEN,AARVEEDEN.NS
AARVI,AARVI.NS
AAVAS,AAVAS.NS
ABAN,ABAN.NS
ABB,ABB.NS
ABBOTINDIA,ABBOTINDIA.NS
ABCAPITAL,ABCAPITAL.NS
ABFRL,ABFRL.NS
ABFRLPP,ABFRLPP.NS
ABMINTLTD,ABMINTLTD.NS
ABSLBANETF,ABSLBANETF.NS
ABSLNN50ET,ABSLNN50ET.NS
ABSLRIF6RG,ABSLRIF6RG.NS
ACC,ACC.NS
ACCELYA,ACCELYA.NS
ACCURACY,ACCURACY.NS
ACE,ACE.NS
ADANIENT,ADANIENT.NS
ADANIGAS,ADANIGAS.NS
ADANIGREEN,ADANIGREEN.NS
ADANIPORTS,ADANIPORTS.NS
ADANIPOWER,ADANIPOWER.NS
ADANITRANS,ADANITRANS.NS
ADFFOODS,ADFFOODS.NS
ADHUNIKIND,ADHUNIKIND.NS
ADORWELD,ADORWELD.NS
ADSL,ADSL.NS
ADVANIHOTR,ADVANIHOTR.NS
ADVENZYMES,ADVENZYMES.NS
AEGISCHEM,AEGISCHEM.NS
AFFLE,AFFLE.NS
AGARIND,AGARIND.NS
AGCNET,AGCNET.NS
AGRITECH,AGRITECH.NS
AGROPHOS,AGROPHOS.NS
AHLEAST,AHLEAST.NS
AHLUCONT,AHLUCONT.NS
AHLWEST,AHLWEST.NS
AIAENG,AIAENG.NS
AIONJSW,AIONJSW.NS
AIRAN,AIRAN.NS
AIROLAM,AIROLAM.NS
AJANTPHARM,AJANTPHARM.NS
AJMERA,AJMERA.NS
AJOONI,AJOONI.NS
AKASH,AKASH.NS
AKG,AKG.NS
AKSHARCHEM,AKSHARCHEM.NS
AKSHOPTFBR,AKSHOPTFBR.NS
AKZOINDIA,AKZOINDIA.NS
ALANKIT,ALANKIT.NS
ALBERTDAVD,ALBERTDAVD.NS
ALCHEM,ALCHEM.NS
ALEMBICLTD,ALEMBICLTD.NS
ALICON,ALICON.NS
ALKALI,ALKALI.NS
ALKEM,ALKEM.NS
ALKYLAMINE,ALKYLAMINE.NS
ALLCARGO,ALLCARGO.NS
ALLSEC,ALLSEC.NS
ALMONDZ,ALMONDZ.NS
ALOKINDS,ALOKINDS.NS
ALPA,ALPA.NS
ALPHAGEO,ALPHAGEO.NS
ALPSINDUS,ALPSINDUS.NS
AMARAJABAT,AMARAJABAT.NS
AMBER,AMBER.NS
AMBIKCO,AMBIKCO.NS
AMBUJACEM,AMBUJACEM.NS
AMDIND,AMDIND.NS
AMJLAND,AMJLAND.NS
AMRUTANJAN,AMRUTANJAN.NS
ANANTRAJ,ANANTRAJ.NS
ANDHRACEMT,ANDHRACEMT.NS
ANDHRAPAP,ANDHRAPAP.NS
ANDHRSUGAR,ANDHRSUGAR.NS
ANIKINDS,ANIKINDS.NS
ANKITMETAL,ANKITMETAL.NS
ANSALAPI,ANSALAPI.NS
ANSALHSG,ANSALHSG.NS
ANUP,ANUP.NS
APARINDS,APARINDS.NS
APCL,APCL.NS
APCOTEXIND,APCOTEXIND.NS
APEX,APEX.NS
APLAPOLLO,APLAPOLLO.NS
APLLTD,APLLTD.NS
APOLLO,APOLLO.NS
APOLLOHOSP,APOLLOHOSP.NS
APOLLOPIPE,APOLLOPIPE.NS
APOLLOTYRE,APOLLOTYRE.NS
APOLSINHOT,APOLSINHOT.NS
APTECHT,APTECHT.NS
ARCHIDPLY,ARCHIDPLY.NS
ARCHIES,ARCHIES.NS
ARCOTECH,ARCOTECH.NS
ARENTERP,ARENTERP.NS
ARIES,ARIES.NS
ARIHANT,ARIHANT.NS
ARIHANTSUP,ARIHANTSUP.NS
ARMANFIN,ARMANFIN.NS
AROGRANITE,AROGRANITE.NS
ARROWGREEN,ARROWGREEN.NS
ARSHIYA,ARSHIYA.NS
ARSSINFRA,ARSSINFRA.NS
ARTEMISMED,ARTEMISMED.NS
ARVEE,ARVEE.NS
ARVIND,ARVIND.NS
ARVINDFASN,ARVINDFASN.NS
ARVSMART,ARVSMART.NS
ASAHIINDIA,ASAHIINDIA.NS
ASAHISONG,ASAHISONG.NS
ASAL,ASAL.NS
ASALCBR,ASALCBR.NS
ASHAPURMIN,ASHAPURMIN.NS
ASHIANA,ASHIANA.NS
ASHIMASYN,ASHIMASYN.NS
ASHOKA,ASHOKA.NS
ASHOKLEY,ASHOKLEY.NS
ASIANHOTNR,ASIANHOTNR.NS
ASIANPAINT,ASIANPAINT.NS
ASIANTILES,ASIANTILES.NS
ASPINWALL,ASPINWALL.NS
ASTEC,ASTEC.NS
ASTERDM,ASTERDM.NS
ASTRAL,ASTRAL.NS
ASTRAMICRO,ASTRAMICRO.NS
ASTRAZEN,ASTRAZEN.NS
ASTRON,ASTRON.NS
ATFL,ATFL.NS
ATLANTA,ATLANTA.NS
ATLASCYCLE,ATLASCYCLE.NS
ATUL,ATUL.NS
ATULAUTO,ATULAUTO.NS
AUBANK,AUBANK.NS
AURIONPRO,AURIONPRO.NS
AUROPHARMA,AUROPHARMA.NS
AUSOMENT,AUSOMENT.NS
AUTOAXLES,AUTOAXLES.NS
AUTOIND,AUTOIND.NS
AUTOLITIND,AUTOLITIND.NS
AVADHSUGAR,AVADHSUGAR.NS
AVANTIFEED,AVANTIFEED.NS
AVSL,AVSL.NS
AVTNPL,AVTNPL.NS
AXISBANK,AXISBANK.NS
AXISCADES,AXISCADES.NS
AXISGOLD,AXISGOLD.NS
AXISNIFTY,AXISNIFTY.NS
AYMSYNTEX,AYMSYNTEX.NS
BAFNAPH,BAFNAPH.NS
BAGFILMS,BAGFILMS.NS
BAJAJ-AUTO,BAJAJ-AUTO.NS
BAJAJCON,BAJAJCON.NS
BAJAJELEC,BAJAJELEC.NS
BAJAJFINSV,BAJAJFINSV.NS
BAJAJHIND,BAJAJHIND.NS
BAJAJHLDNG,BAJAJHLDNG.NS
BAJFINANCE,BAJFINANCE.NS
BALAJITELE,BALAJITELE.NS
BALAMINES,BALAMINES.NS
BALAXI,BALAXI.NS
BALKRISHNA,BALKRISHNA.NS
BALKRISIND,BALKRISIND.NS
BALLARPUR,BALLARPUR.NS
BALMLAWRIE,BALMLAWRIE.NS
BALPHARMA,BALPHARMA.NS
BALRAMCHIN,BALRAMCHIN.NS
BANARBEADS,BANARBEADS.NS
BANARISUG,BANARISUG.NS
BANCOINDIA,BANCOINDIA.NS
BANDHANBNK,BANDHANBNK.NS
BANG,BANG.NS
BANKA,BANKA.NS
BANKBARODA,BANKBARODA.NS
BANKBEES,BANKBEES.NS
BANKINDIA,BANKINDIA.NS
BANSWRAS,BANSWRAS.NS
BARTRONICS,BARTRONICS.NS
BASF,BASF.NS
BASML,BASML.NS
BATAINDIA,BATAINDIA.NS
BAYERCROP,BAYERCROP.NS
BBL,BBL.NS
BBTC,BBTC.NS
BCG,BCG.NS
BCONCEPTS,BCONCEPTS.NS
BCP,BCP.NS
BDL,BDL.NS
BEARDSELL,BEARDSELL.NS
BEDMUTHA,BEDMUTHA.NS
BEL,BEL.NS
BEML,BEML.NS
BEPL,BEPL.NS
BERGEPAINT,BERGEPAINT.NS
BFINVEST,BFINVEST.NS
BFUTILITIE,BFUTILITIE.NS
BGRENERGY,BGRENERGY.NS
BHAGERIA,BHAGERIA.NS
BHAGYANGR,BHAGYANGR.NS
BHAGYAPROP,BHAGYAPROP.NS
BHANDARI,BHANDARI.NS
BHARATFORG,BHARATFORG.NS
BHARATGEAR,BHARATGEAR.NS
BHARATRAS,BHARATRAS.NS
BHARATWIRE,BHARATWIRE.NS
BHARTIARTL,BHARTIARTL.NS
BHEL,BHEL.NS
BIGBLOC,BIGBLOC.NS
BIL,BIL.NS
BILENERGY,BILENERGY.NS
BINDALAGRO,BINDALAGRO.NS
BIOCON,BIOCON.NS
BIOFILCHEM,BIOFILCHEM.NS
BIRLACABLE,BIRLACABLE.NS
BIRLACORPN,BIRLACORPN.NS
BIRLAMONEY,BIRLAMONEY.NS
BIRLATYRE,BIRLATYRE.NS
BKMINDST,BKMINDST.NS
BLBLIMITED,BLBLIMITED.NS
BLISSGVS,BLISSGVS.NS
BLKASHYAP,BLKASHYAP.NS
BLS,BLS.NS
BLUEBLENDS,BLUEBLENDS.NS
BLUECHIP,BLUECHIP.NS
BLUEDART,BLUEDART.NS
BLUESTARCO,BLUESTARCO.NS
BODALCHEM,BODALCHEM.NS
BOMDYEING,BOMDYEING.NS
BOROLTD,BOROLTD.NS
BORORENEW,BORORENEW.NS
BOSCHLTD,BOSCHLTD.NS
BPCL,BPCL.NS
BPL,BPL.NS
BRFL,BRFL.NS
BRIGADE,BRIGADE.NS
BRIGHT,BRIGHT.NS
BRITANNIA,BRITANNIA.NS
BRNL,BRNL.NS
BROOKS,BROOKS.NS
BSE,BSE.NS
BSELINFRA,BSELINFRA.NS
BSHSL,BSHSL.NS
BSL,BSL.NS
BSLGOLDETF,BSLGOLDETF.NS
BSLNIFTY,BSLNIFTY.NS
BSOFT,BSOFT.NS
BURNPUR,BURNPUR.NS
BUTTERFLY,BUTTERFLY.NS
BVCL,BVCL.NS
BYKE,BYKE.NS
CADILAHC,CADILAHC.NS
CADSYS,CADSYS.NS
CALSOFT,CALSOFT.NS
CAMLINFINE,CAMLINFINE.NS
CANBK,CANBK.NS
CANDC,CANDC.NS
CANFINHOME,CANFINHOME.NS
CANTABIL,CANTABIL.NS
CAPACITE,CAPACITE.NS
CAPLIPOINT,CAPLIPOINT.NS
CAPTRUST,CAPTRUST.NS
CARBORUNIV,CARBORUNIV.NS
CAREERP,CAREERP.NS
CARERATING,CARERATING.NS
CASTEXTECH,CASTEXTECH.NS
CASTROLIND,CASTROLIND.NS
CCCL,CCCL.NS
CCHHL,CCHHL.NS
CCL,CCL.NS
CDSL,CDSL.NS
CEATLTD,CEATLTD.NS
CEBBCO,CEBBCO.NS
CELEBRITY,CELEBRITY.NS
CENTENKA,CENTENKA.NS
CENTEXT,CENTEXT.NS
CENTRALBK,CENTRALBK.NS
CENTRUM,CENTRUM.NS
CENTUM,CENTUM.NS
CENTURYPLY,CENTURYPLY.NS
CENTURYTEX,CENTURYTEX.NS
CERA,CERA.NS
CEREBRAINT,CEREBRAINT.NS
CESC,CESC.NS
CESCVENT,CESCVENT.NS
CGCL,CGCL.NS
CGPOWER,CGPOWER.NS
CHALET,CHALET.NS
CHAMBLFERT,CHAMBLFERT.NS
CHEMBOND,CHEMBOND.NS
CHEMFAB,CHEMFAB.NS
CHENNPETRO,CHENNPETRO.NS
CHOLAFIN,CHOLAFIN.NS
CHOLAHLDNG,CHOLAHLDNG.NS
CHROMATIC,CHROMATIC.NS
CIGNITITEC,CIGNITITEC.NS
CIMMCO,CIMMCO.NS
CINELINE,CINELINE.NS
CINEVISTA,CINEVISTA.NS
CIPLA,CIPLA.NS
CKFSL,CKFSL.NS
CLEDUCATE,CLEDUCATE.NS
CLNINDIA,CLNINDIA.NS
CMICABLES,CMICABLES.NS
CNOVAPETRO,CNOVAPETRO.NS
COALINDIA,COALINDIA.NS
COCHINSHIP,COCHINSHIP.NS
COFORGE,COFORGE.NS
COLPAL,COLPAL.NS
COMPINFO,COMPINFO.NS
COMPUSOFT,COMPUSOFT.NS
CONCOR,CONCOR.NS
CONFIPET,CONFIPET.NS
CONSOFINVT,CONSOFINVT.NS
CONTI,CONTI.NS
CONTROLPR,CONTROLPR.NS
CORALFINAC,CORALFINAC.NS
CORDSCABLE,CORDSCABLE.NS
COROMANDEL,COROMANDEL.NS
COSMOFILMS,COSMOFILMS.NS
COUNCODOS,COUNCODOS.NS
COX&KINGS,COX&KINGS.NS
CPSEETF,CPSEETF.NS
CREATIVE,CREATIVE.NS
CREATIVEYE,CREATIVEYE.NS
CREDITACC,CREDITACC.NS
CREST,CREST.NS
CRISIL,CRISIL.NS
CROMPTON,CROMPTON.NS
CSBBANK,CSBBANK.NS
CTE,CTE.NS
CUB,CUB.NS
CUBEXTUB,CUBEXTUB.NS
CUMMINSIND,CUMMINSIND.NS
CUPID,CUPID.NS
CYBERTECH,CYBERTECH.NS
CYIENT,CYIENT.NS
DAAWAT,DAAWAT.NS
DABUR,DABUR.NS
DALBHARAT,DALBHARAT.NS
DALMIASUG,DALMIASUG.NS
DAMODARIND,DAMODARIND.NS
DATAMATICS,DATAMATICS.NS
DBCORP,DBCORP.NS
DBL,DBL.NS
DBREALTY,DBREALTY.NS
DBSTOCKBRO,DBSTOCKBRO.NS
DCAL,DCAL.NS
DCBBANK,DCBBANK.NS
DCM,DCM.NS
DCMFINSERV,DCMFINSERV.NS
DCMNVL,DCMNVL.NS
DCMSHRIRAM,DCMSHRIRAM.NS
DCW,DCW.NS
DECCANCE,DECCANCE.NS
DEEPAKFERT,DEEPAKFERT.NS
DEEPAKNTR,DEEPAKNTR.NS
DEEPIND,DEEPIND.NS
DELTACORP,DELTACORP.NS
DELTAMAGNT,DELTAMAGNT.NS
DEN,DEN.NS
DENORA,DENORA.NS
DEVIT,DEVIT.NS
DFMFOODS,DFMFOODS.NS
DGCONTENT,DGCONTENT.NS
DHAMPURSUG,DHAMPURSUG.NS
DHANBANK,DHANBANK.NS
DHANUKA,DHANUKA.NS
DHARSUGAR,DHARSUGAR.NS
DHFL,DHFL.NS
DHUNINV,DHUNINV.NS
DIAMONDYD,DIAMONDYD.NS
DIAPOWER,DIAPOWER.NS
DICIND,DICIND.NS
DIGISPICE,DIGISPICE.NS
DIGJAMLTD,DIGJAMLTD.NS
DISHTV,DISHTV.NS
DIVISLAB,DIVISLAB.NS
DIXON,DIXON.NS
DLF,DLF.NS
DLINKINDIA,DLINKINDIA.NS
DMART,DMART.NS
DNAMEDIA,DNAMEDIA.NS
DOLAT,DOLAT.NS
DOLLAR,DOLLAR.NS
DONEAR,DONEAR.NS
DPABHUSHAN,DPABHUSHAN.NS
DPSCLTD,DPSCLTD.NS
DPWIRES,DPWIRES.NS
DQE,DQE.NS
DREDGECORP,DREDGECORP.NS
DRREDDY,DRREDDY.NS
DSML,DSML.NS
DSSL,DSSL.NS
DTIL,DTIL.NS
DUCON,DUCON.NS
DVL,DVL.NS
DWARKESH,DWARKESH.NS
DYNAMATECH,DYNAMATECH.NS
DYNPRO,DYNPRO.NS
EASTSILK,EASTSILK.NS
EASUNREYRL,EASUNREYRL.NS
EBBETF0423,EBBETF0423.NS
EBBETF0425,EBBETF0425.NS
EBBETF0430,EBBETF0430.NS
EBBETF0431,EBBETF0431.NS
EBIXFOREX,EBIXFOREX.NS
ECLERX,ECLERX.NS
ECLFINANCE,ECLFINANCE.NS
EDELWEISS,EDELWEISS.NS
EDUCOMP,EDUCOMP.NS
EHFLNCD,EHFLNCD.NS
EICHERMOT,EICHERMOT.NS
EIDPARRY,EIDPARRY.NS
EIFFL,EIFFL.NS
EIHAHOTELS,EIHAHOTELS.NS
EIHOTEL,EIHOTEL.NS
EIMCOELECO,EIMCOELECO.NS
EKC,EKC.NS
ELECON,ELECON.NS
ELECTCAST,ELECTCAST.NS
ELECTHERM,ELECTHERM.NS
ELGIEQUIP,ELGIEQUIP.NS
ELGIRUBCO,ELGIRUBCO.NS
EMAMILTD,EMAMILTD.NS
EMAMIPAP,EMAMIPAP.NS
EMAMIREAL,EMAMIREAL.NS
EMBASSY,EMBASSY.NS
EMCO,EMCO.NS
EMKAY,EMKAY.NS
EMMBI,EMMBI.NS
EMOFSR1RDP,EMOFSR1RDP.NS
EMOFSR1RGG,EMOFSR1RGG.NS
ENDURANCE,ENDURANCE.NS
ENERGYDEV,ENERGYDEV.NS
ENGINERSIN,ENGINERSIN.NS
ENIL,ENIL.NS
EON,EON.NS
EQ30,EQ30.NS
EQUITAS,EQUITAS.NS
ERFLNCDI,ERFLNCDI.NS
ERIS,ERIS.NS
EROSMEDIA,EROSMEDIA.NS
ESABINDIA,ESABINDIA.NS
ESCORTS,ESCORTS.NS
ESSARSHPNG,ESSARSHPNG.NS
ESSELPACK,ESSELPACK.NS
ESTER,ESTER.NS
EUROCERA,EUROCERA.NS
EUROMULTI,EUROMULTI.NS
EUROTEXIND,EUROTEXIND.NS
EVEREADY,EVEREADY.NS
EVERESTIND,EVERESTIND.NS
EXCEL,EXCEL.NS
EXCELINDUS,EXCELINDUS.NS
EXIDEIND,EXIDEIND.NS
EXPLEOSOL,EXPLEOSOL.NS
FACT,FACT.NS
FAIRCHEM,FAIRCHEM.NS
FCL,FCL.NS
FCONSUMER,FCONSUMER.NS
FCSSOFT,FCSSOFT.NS
FDC,FDC.NS
FEDERALBNK,FEDERALBNK.NS
FEL,FEL.NS
FELDVR,FELDVR.NS
FIEMIND,FIEMIND.NS
FILATEX,FILATEX.NS
FINCABLES,FINCABLES.NS
FINEORG,FINEORG.NS
FINPIPE,FINPIPE.NS
FLEXITUFF,FLEXITUFF.NS
FLFL,FLFL.NS
FLUOROCHEM,FLUOROCHEM.NS
FMGOETZE,FMGOETZE.NS
FMNL,FMNL.NS
FORCEMOT,FORCEMOT.NS
FORTIS,FORTIS.NS
FOSECOIND,FOSECOIND.NS
FOURTHDIM,FOURTHDIM.NS
FRETAIL,FRETAIL.NS
FSC,FSC.NS
FSL,FSL.NS
GABRIEL,GABRIEL.NS
GAEL,GAEL.NS
GAIL,GAIL.NS
GAL,GAL.NS
GALAXYSURF,GALAXYSURF.NS
GALLANTT,GALLANTT.NS
GALLISPAT,GALLISPAT.NS
GAMMNINFRA,GAMMNINFRA.NS
GANDHITUBE,GANDHITUBE.NS
GANECOS,GANECOS.NS
GANESHHOUC,GANESHHOUC.NS
GANGESSECU,GANGESSECU.NS
GARDENSILK,GARDENSILK.NS
GARFIBRES,GARFIBRES.NS
GATI,GATI.NS
GAYAHWS,GAYAHWS.NS
GAYAPROJ,GAYAPROJ.NS
GDL,GDL.NS
GEECEE,GEECEE.NS
GEEKAYWIRE,GEEKAYWIRE.NS
GENESYS,GENESYS.NS
GENUSPAPER,GENUSPAPER.NS
GENUSPOWER,GENUSPOWER.NS
GEOJITFSL,GEOJITFSL.NS
GEPIL,GEPIL.NS
GESHIP,GESHIP.NS
GET&D,GET&D.NS
GFLLIMITED,GFLLIMITED.NS
GFSTEELS,GFSTEELS.NS
GHCL,GHCL.NS
GICHSGFIN,GICHSGFIN.NS
GICRE,GICRE.NS
GILLANDERS,GILLANDERS.NS
GILLETTE,GILLETTE.NS
GINNIFILA,GINNIFILA.NS
GIPCL,GIPCL.NS
GKWLIMITED,GKWLIMITED.NS
GLAXO,GLAXO.NS
GLENMARK,GLENMARK.NS
GLFL,GLFL.NS
GLOBALVECT,GLOBALVECT.NS
GLOBOFFS,GLOBOFFS.NS
GLOBUSSPR,GLOBUSSPR.NS
GMBREW,GMBREW.NS
GMDCLTD,GMDCLTD.NS
GMMPFAUDLR,GMMPFAUDLR.NS
GMRINFRA,GMRINFRA.NS
GNA,GNA.NS
GNFC,GNFC.NS
GOACARBON,GOACARBON.NS
GOCLCORP,GOCLCORP.NS
GODFRYPHLP,GODFRYPHLP.NS
GODREJAGRO,GODREJAGRO.NS
GODREJCP,GODREJCP.NS
GODREJIND,GODREJIND.NS
GODREJPROP,GODREJPROP.NS
GOENKA,GOENKA.NS
GOKEX,GOKEX.NS
GOKUL,GOKUL.NS
GOKULAGRO,GOKULAGRO.NS
GOLDBEES,GOLDBEES.NS
GOLDENTOBC,GOLDENTOBC.NS
GOLDIAM,GOLDIAM.NS
GOLDSHARE,GOLDSHARE.NS
GOLDTECH,GOLDTECH.NS
GOODLUCK,GOODLUCK.NS
GPIL,GPIL.NS
GPPL,GPPL.NS
GPTINFRA,GPTINFRA.NS
GRANULES,GRANULES.NS
GRAPHITE,GRAPHITE.NS
GRASIM,GRASIM.NS
GRAVITA,GRAVITA.NS
GREAVESCOT,GREAVESCOT.NS
GREENLAM,GREENLAM.NS
GREENPANEL,GREENPANEL.NS
GREENPLY,GREENPLY.NS
GREENPOWER,GREENPOWER.NS
GRINDWELL,GRINDWELL.NS
GROBTEA,GROBTEA.NS
GRPLTD,GRPLTD.NS
GRSE,GRSE.NS
GSCLCEMENT,GSCLCEMENT.NS
GSFC,GSFC.NS
GSPL,GSPL.NS
GSS,GSS.NS
GTL,GTL.NS
GTLINFRA,GTLINFRA.NS
GTNIND,GTNIND.NS
GTNTEX,GTNTEX.NS
GTPL,GTPL.NS
GUFICBIO,GUFICBIO.NS
GUJALKALI,GUJALKALI.NS
GUJAPOLLO,GUJAPOLLO.NS
GUJGASLTD,GUJGASLTD.NS
GUJRAFFIA,GUJRAFFIA.NS
GULFOILLUB,GULFOILLUB.NS
GULFPETRO,GULFPETRO.NS
GULPOLY,GULPOLY.NS
GVKPIL,GVKPIL.NS
HAL,HAL.NS
HARITASEAT,HARITASEAT.NS
HARRMALAYA,HARRMALAYA.NS
HATHWAY,HATHWAY.NS
HATSUN,HATSUN.NS
HAVELLS,HAVELLS.NS
HAVISHA,HAVISHA.NS
HBANKETF,HBANKETF.NS
HBLPOWER,HBLPOWER.NS
HBSL,HBSL.NS
HCC,HCC.NS
HCG,HCG.NS
HCL-INSYS,HCL-INSYS.NS
HCLTECH,HCLTECH.NS
HDFC,HDFC.NS
HDFCAMC,HDFCAMC.NS
HDFCBANK,HDFCBANK.NS
HDFCLIFE,HDFCLIFE.NS
HDFCMFGETF,HDFCMFGETF.NS
HDFCNIFETF,HDFCNIFETF.NS
HDFCSENETF,HDFCSENETF.NS
HDIL,HDIL.NS
HEG,HEG.NS
HEIDELBERG,HEIDELBERG.NS
HERCULES,HERCULES.NS
HERITGFOOD,HERITGFOOD.NS
HEROMOTOCO,HEROMOTOCO.NS
HESTERBIO,HESTERBIO.NS
HEXATRADEX,HEXATRADEX.NS
HEXAWARE,HEXAWARE.NS
HFCL,HFCL.NS
HGINFRA,HGINFRA.NS
HGS,HGS.NS
HHOF1140RG,HHOF1140RG.NS
HIKAL,HIKAL.NS
HIL,HIL.NS
HILTON,HILTON.NS
HIMATSEIDE,HIMATSEIDE.NS
HINDALCO,HINDALCO.NS
HINDCOMPOS,HINDCOMPOS.NS
HINDCOPPER,HINDCOPPER.NS
HINDMOTORS,HINDMOTORS.NS
HINDNATGLS,HINDNATGLS.NS
HINDOILEXP,HINDOILEXP.NS
HINDPETRO,HINDPETRO.NS
HINDUNILVR,HINDUNILVR.NS
HINDZINC,HINDZINC.NS
HIRECT,HIRECT.NS
HISARMETAL,HISARMETAL.NS
HITECH,HITECH.NS
HITECHCORP,HITECHCORP.NS
HITECHGEAR,HITECHGEAR.NS
HLVLTD,HLVLTD.NS
HMT,HMT.NS
HMVL,HMVL.NS
HNDFDS,HNDFDS.NS
HNGSNGBEES,HNGSNGBEES.NS
HONAUT,HONAUT.NS
HONDAPOWER,HONDAPOWER.NS
HOTELRUGBY,HOTELRUGBY.NS
HOVS,HOVS.NS
HPL,HPL.NS
HSCL,HSCL.NS
HSIL,HSIL.NS
HTMEDIA,HTMEDIA.NS
HUBTOWN,HUBTOWN.NS
HUDCO,HUDCO.NS
IBMFNIFTY,IBMFNIFTY.NS
IBREALEST,IBREALEST.NS
IBUCCREDIT,IBUCCREDIT.NS
IBULHSGFIN,IBULHSGFIN.NS
IBULISL,IBULISL.NS
IBVENTPP,IBVENTPP.NS
IBVENTURES,IBVENTURES.NS
ICEMAKE,ICEMAKE.NS
ICFL,ICFL.NS
ICICI500,ICICI500.NS
ICICIALPLV,ICICIALPLV.NS
ICICIB22,ICICIB22.NS
ICICIBANK,ICICIBANK.NS
ICICIBANKN,ICICIBANKN.NS
ICICIBANKP,ICICIBANKP.NS
ICICIGI,ICICIGI.NS
ICICIGOLD,ICICIGOLD.NS
ICICILIQ,ICICILIQ.NS
ICICILOVOL,ICICILOVOL.NS
ICICIM150,ICICIM150.NS
ICICIMCAP,ICICIMCAP.NS
ICICINF100,ICICINF100.NS
ICICINIFTY,ICICINIFTY.NS
ICICINV20,ICICINV20.NS
ICICINXT50,ICICINXT50.NS
ICICIPRULI,ICICIPRULI.NS
ICICISENSX,ICICISENSX.NS
ICICITECH,ICICITECH.NS
ICIL,ICIL.NS
ICRA,ICRA.NS
IDBI,IDBI.NS
IDBIGOLD,IDBIGOLD.NS
IDEA,IDEA.NS
IDFC,IDFC.NS
IDFCFIRSTB,IDFCFIRSTB.NS
IDFNIFTYET,IDFNIFTYET.NS
IEX,IEX.NS
IFBAGRO,IFBAGRO.NS
IFBIND,IFBIND.NS
IFCI,IFCI.NS
IFGLEXPOR,IFGLEXPOR.NS
IGARASHI,IGARASHI.NS
IGL,IGL.NS
IGPL,IGPL.NS
IIFCL,IIFCL.NS
IIFL,IIFL.NS
IIFLSEC,IIFLSEC.NS
IIFLWAM,IIFLWAM.NS
IITL,IITL.NS
IL&FSENGG,IL&FSENGG.NS
IL&FSTRANS,IL&FSTRANS.NS
IMAGICAA,IMAGICAA.NS
IMFA,IMFA.NS
IMPAL,IMPAL.NS
IMPEXFERRO,IMPEXFERRO.NS
INDBANK,INDBANK.NS
INDHOTEL,INDHOTEL.NS
INDIACEM,INDIACEM.NS
INDIAGLYCO,INDIAGLYCO.NS
INDIAMART,INDIAMART.NS
INDIANB,INDIANB.NS
INDIANCARD,INDIANCARD.NS
INDIANHUME,INDIANHUME.NS
INDIGO,INDIGO.NS
INDIGRID,INDIGRID.NS
INDLMETER,INDLMETER.NS
INDNIPPON,INDNIPPON.NS
INDOCO,INDOCO.NS
INDORAMA,INDORAMA.NS
INDOSOLAR,INDOSOLAR.NS
INDOSTAR,INDOSTAR.NS
INDOTECH,INDOTECH.NS
INDOTHAI,INDOTHAI.NS
INDOWIND,INDOWIND.NS
INDRAMEDCO,INDRAMEDCO.NS
INDSWFTLAB,INDSWFTLAB.NS
INDSWFTLTD,INDSWFTLTD.NS
INDTERRAIN,INDTERRAIN.NS
INDUSINDBK,INDUSINDBK.NS
INEOSSTYRO,INEOSSTYRO.NS
INFIBEAM,INFIBEAM.NS
INFOBEAN,INFOBEAN.NS
INFRABEES,INFRABEES.NS
INFRATEL,INFRATEL.NS
INFY,INFY.NS
INGERRAND,INGERRAND.NS
INNOVANA,INNOVANA.NS
INNOVATIVE,INNOVATIVE.NS
INOXLEISUR,INOXLEISUR.NS
INOXWIND,INOXWIND.NS
INSECTICID,INSECTICID.NS
INSPIRISYS,INSPIRISYS.NS
INTELLECT,INTELLECT.NS
INTENTECH,INTENTECH.NS
INVENTURE,INVENTURE.NS
IOB,IOB.NS
IOC,IOC.NS
IOLCP,IOLCP.NS
IPCALAB,IPCALAB.NS
IRB,IRB.NS
IRBINVIT,IRBINVIT.NS
IRCON,IRCON.NS
IRCTC,IRCTC.NS
IREDA,IREDA.NS
IRFC,IRFC.NS
IRISDOREME,IRISDOREME.NS
ISEC,ISEC.NS
ISFT,ISFT.NS
ISMTLTD,ISMTLTD.NS
ITC,ITC.NS
ITDC,ITDC.NS
ITDCEM,ITDCEM.NS
ITI,ITI.NS
IVC,IVC.NS
IVP,IVP.NS
IVZINGOLD,IVZINGOLD.NS
IZMO,IZMO.NS
J&KBANK,J&KBANK.NS
JAGRAN,JAGRAN.NS
JAGSNPHARM,JAGSNPHARM.NS
JAIBALAJI,JAIBALAJI.NS
JAICORPLTD,JAICORPLTD.NS
JAIHINDPRO,JAIHINDPRO.NS
JAINSTUDIO,JAINSTUDIO.NS
JAMNAAUTO,JAMNAAUTO.NS
JASH,JASH.NS
JAYAGROGN,JAYAGROGN.NS
JAYBARMARU,JAYBARMARU.NS
JAYNECOIND,JAYNECOIND.NS
JAYSREETEA,JAYSREETEA.NS
JBCHEPHARM,JBCHEPHARM.NS
JBFIND,JBFIND.NS
JBMA,JBMA.NS
JCHAC,JCHAC.NS
JETAIRWAYS,JETAIRWAYS.NS
JETFREIGHT,JETFREIGHT.NS
JHS,JHS.NS
JINDALPHOT,JINDALPHOT.NS
JINDALPOLY,JINDALPOLY.NS
JINDALSAW,JINDALSAW.NS
JINDALSTEL,JINDALSTEL.NS
JINDRILL,JINDRILL.NS
JINDWORLD,JINDWORLD.NS
JISLDVREQS,JISLDVREQS.NS
JISLJALEQS,JISLJALEQS.NS
JITFINFRA,JITFINFRA.NS
JIYAECO,JIYAECO.NS
JKCEMENT,JKCEMENT.NS
JKIL,JKIL.NS
JKLAKSHMI,JKLAKSHMI.NS
JKPAPER,JKPAPER.NS
JKTYRE,JKTYRE.NS
JMA,JMA.NS
JMCPROJECT,JMCPROJECT.NS
JMFINANCIL,JMFINANCIL.NS
JMTAUTOLTD,JMTAUTOLTD.NS
JNPT,JNPT.NS
JOCIL,JOCIL.NS
JPASSOCIAT,JPASSOCIAT.NS
JPINFRATEC,JPINFRATEC.NS
JPOLYINVST,JPOLYINVST.NS
JPPOWER,JPPOWER.NS
JSL,JSL.NS
JSLHISAR,JSLHISAR.NS
JSWENERGY,JSWENERGY.NS
JSWHL,JSWHL.NS
JSWSTEEL,JSWSTEEL.NS
JTEKTINDIA,JTEKTINDIA.NS
JUBILANT,JUBILANT.NS
JUBLFOOD,JUBLFOOD.NS
JUBLINDS,JUBLINDS.NS
JUMPNET,JUMPNET.NS
JUNIORBEES,JUNIORBEES.NS
JUSTDIAL,JUSTDIAL.NS
JVLAGRO,JVLAGRO.NS
JYOTHYLAB,JYOTHYLAB.NS
JYOTISTRUC,JYOTISTRUC.NS
KABRAEXTRU,KABRAEXTRU.NS
KAJARIACER,KAJARIACER.NS
KAKATCEM,KAKATCEM.NS
KALPATPOWR,KALPATPOWR.NS
KALYANIFRG,KALYANIFRG.NS
KAMATHOTEL,KAMATHOTEL.NS
KAMDHENU,KAMDHENU.NS
KANANIIND,KANANIIND.NS
KANORICHEM,KANORICHEM.NS
KANSAINER,KANSAINER.NS
KAPSTON,KAPSTON.NS
KARDA,KARDA.NS
KARMAENG,KARMAENG.NS
KARURVYSYA,KARURVYSYA.NS
KAUSHALYA,KAUSHALYA.NS
KAYA,KAYA.NS
KCP,KCP.NS
KCPSUGIND,KCPSUGIND.NS
KDDL,KDDL.NS
KEC,KEC.NS
KECL,KECL.NS
KEI,KEI.NS
KELLTONTEC,KELLTONTEC.NS
KENNAMET,KENNAMET.NS
KERNEX,KERNEX.NS
KESORAMIND,KESORAMIND.NS
KEYFINSERV,KEYFINSERV.NS
KGL,KGL.NS
KHADIM,KHADIM.NS
KHANDSE,KHANDSE.NS
KICL,KICL.NS
KILITCH,KILITCH.NS
KINGFA,KINGFA.NS
KIOCL,KIOCL.NS
KIRIINDUS,KIRIINDUS.NS
KIRLFER,KIRLFER.NS
KIRLOSBROS,KIRLOSBROS.NS
KIRLOSENG,KIRLOSENG.NS
KIRLOSIND,KIRLOSIND.NS
KITEX,KITEX.NS
KKCL,KKCL.NS
KMSUGAR,KMSUGAR.NS
KNRCON,KNRCON.NS
KOHINOOR,KOHINOOR.NS
KOKUYOCMLN,KOKUYOCMLN.NS
KOLTEPATIL,KOLTEPATIL.NS
KOPRAN,KOPRAN.NS
KOTAKBANK,KOTAKBANK.NS
KOTAKBKETF,KOTAKBKETF.NS
KOTAKGOLD,KOTAKGOLD.NS
KOTAKNIFTY,KOTAKNIFTY.NS
KOTAKNV20,KOTAKNV20.NS
KOTAKPSUBK,KOTAKPSUBK.NS
KOTARISUG,KOTARISUG.NS
KOTHARIPET,KOTHARIPET.NS
KOTHARIPRO,KOTHARIPRO.NS
KPITTECH,KPITTECH.NS
KPRMILL,KPRMILL.NS
KRBL,KRBL.NS
KREBSBIO,KREBSBIO.NS
KRIDHANINF,KRIDHANINF.NS
KRISHANA,KRISHANA.NS
KSB,KSB.NS
KSCL,KSCL.NS
KSERASERA,KSERASERA.NS
KSK,KSK.NS
KSL,KSL.NS
KTKBANK,KTKBANK.NS
KUANTUM,KUANTUM.NS
KWALITY,KWALITY.NS
L&TFH,L&TFH.NS
L&TFINANCE,L&TFINANCE.NS
L&TINFRA,L&TINFRA.NS
LAKPRE,LAKPRE.NS
LAKSHVILAS,LAKSHVILAS.NS
LALPATHLAB,LALPATHLAB.NS
LAMBODHARA,LAMBODHARA.NS
LAOPALA,LAOPALA.NS
LASA,LASA.NS
LATTEYS,LATTEYS.NS
LAURUSLABS,LAURUSLABS.NS
LAXMIMACH,LAXMIMACH.NS
LEMONTREE,LEMONTREE.NS
LEXUS,LEXUS.NS
LFIC,LFIC.NS
LGBBROSLTD,LGBBROSLTD.NS
LGBFORGE,LGBFORGE.NS
LIBAS,LIBAS.NS
LIBERTSHOE,LIBERTSHOE.NS
LICHSGFIN,LICHSGFIN.NS
LICNETFGSC,LICNETFGSC.NS
LICNETFN50,LICNETFN50.NS
LICNETFSEN,LICNETFSEN.NS
LICNFNHGP,LICNFNHGP.NS
LINCOLN,LINCOLN.NS
LINCPEN,LINCPEN.NS
LINDEINDIA,LINDEINDIA.NS
LIQUIDBEES,LIQUIDBEES.NS
LIQUIDETF,LIQUIDETF.NS
LOKESHMACH,LOKESHMACH.NS
LOTUSEYE,LOTUSEYE.NS
LOVABLE,LOVABLE.NS
LPDC,LPDC.NS
LSIL,LSIL.NS
LT,LT.NS
LTI,LTI.NS
LTMFEOF2R,LTMFEOF2R.NS
LTMFEOFR,LTMFEOFR.NS
LTTS,LTTS.NS
LUMAXIND,LUMAXIND.NS
LUMAXTECH,LUMAXTECH.NS
LUPIN,LUPIN.NS
LUXIND,LUXIND.NS
LYKALABS,LYKALABS.NS
LYPSAGEMS,LYPSAGEMS.NS
M&M,M&M.NS
M&MFIN,M&MFIN.NS
M100,M100.NS
M17RG,M17RG.NS
M50,M50.NS
MAANALU,MAANALU.NS
MACPOWER,MACPOWER.NS
MADHAV,MADHAV.NS
MADHUCON,MADHUCON.NS
MADRASFERT,MADRASFERT.NS
MAGADSUGAR,MAGADSUGAR.NS
MAGMA,MAGMA.NS
MAGNUM,MAGNUM.NS
MAHABANK,MAHABANK.NS
MAHAPEXLTD,MAHAPEXLTD.NS
MAHASTEEL,MAHASTEEL.NS
MAHEPC,MAHEPC.NS
MAHESHWARI,MAHESHWARI.NS
MAHICKRA,MAHICKRA.NS
MAHINDCIE,MAHINDCIE.NS
MAHLIFE,MAHLIFE.NS
MAHLOG,MAHLOG.NS
MAHSCOOTER,MAHSCOOTER.NS
MAHSEAMLES,MAHSEAMLES.NS
MAITHANALL,MAITHANALL.NS
MAJESCO,MAJESCO.NS
MALUPAPER,MALUPAPER.NS
MAN50ETF,MAN50ETF.NS
MANAKALUCO,MANAKALUCO.NS
MANAKCOAT,MANAKCOAT.NS
MANAKSIA,MANAKSIA.NS
MANAKSTEEL,MANAKSTEEL.NS
MANALIPETC,MANALIPETC.NS
MANAPPURAM,MANAPPURAM.NS
MANGALAM,MANGALAM.NS
MANGCHEFER,MANGCHEFER.NS
MANGLMCEM,MANGLMCEM.NS
MANGTIMBER,MANGTIMBER.NS
MANINDS,MANINDS.NS
MANINFRA,MANINFRA.NS
MANUGRAPH,MANUGRAPH.NS
MANXT50,MANXT50.NS
MARALOVER,MARALOVER.NS
MARATHON,MARATHON.NS
MARICO,MARICO.NS
MARINE,MARINE.NS
MARKSANS,MARKSANS.NS
MARSHALL,MARSHALL.NS
MARUTI,MARUTI.NS
MASFIN,MASFIN.NS
MASTEK,MASTEK.NS
MATRIMONY,MATRIMONY.NS
MAWANASUG,MAWANASUG.NS
MAXHEALTH,MAXHEALTH.NS
MAXIND,MAXIND.NS
MAXVIL,MAXVIL.NS
MAYURUNIQ,MAYURUNIQ.NS
MAZDA,MAZDA.NS
MBAPL,MBAPL.NS
MBECL,MBECL.NS
MBLINFRA,MBLINFRA.NS
MCDHOLDING,MCDHOLDING.NS
MCDOWELL-N,MCDOWELL-N.NS
MCL,MCL.NS
MCLEODRUSS,MCLEODRUSS.NS
MCX,MCX.NS
MDL,MDL.NS
MEGASOFT,MEGASOFT.NS
MEGH,MEGH.NS
MELSTAR,MELSTAR.NS
MENONBE,MENONBE.NS
MEP,MEP.NS
MERCATOR,MERCATOR.NS
METALFORGE,METALFORGE.NS
METKORE,METKORE.NS
METROPOLIS,METROPOLIS.NS
MFSL,MFSL.NS
MGEL,MGEL.NS
MGL,MGL.NS
MHRIL,MHRIL.NS
MIC,MIC.NS
MIDHANI,MIDHANI.NS
MILTON,MILTON.NS
MINDACORP,MINDACORP.NS
MINDAIND,MINDAIND.NS
MINDSPACE,MINDSPACE.NS
MINDTECK,MINDTECK.NS
MINDTREE,MINDTREE.NS
MIRCELECTR,MIRCELECTR.NS
MIRZAINT,MIRZAINT.NS
MITTAL,MITTAL.NS
MMFL,MMFL.NS
MMP,MMP.NS
MMTC,MMTC.NS
MODIRUBBER,MODIRUBBER.NS
MOHITIND,MOHITIND.NS
MOHOTAIND,MOHOTAIND.NS
MOIL,MOIL.NS
MOLDTECH,MOLDTECH.NS
MOLDTKPAC,MOLDTKPAC.NS
MONTECARLO,MONTECARLO.NS
MORARJEE,MORARJEE.NS
MOREPENLAB,MOREPENLAB.NS
MOTHERSUMI,MOTHERSUMI.NS
MOTILALOFS,MOTILALOFS.NS
MOTOGENFIN,MOTOGENFIN.NS
MPHASIS,MPHASIS.NS
MPSLTD,MPSLTD.NS
MPTODAY,MPTODAY.NS
MRF,MRF.NS
MRO-TEK,MRO-TEK.NS
MRPL,MRPL.NS
MSPL,MSPL.NS
MSTCLTD,MSTCLTD.NS
MTEDUCARE,MTEDUCARE.NS
MTNL,MTNL.NS
MUKANDENGG,MUKANDENGG.NS
MUKANDLTD,MUKANDLTD.NS
MUKTAARTS,MUKTAARTS.NS
MUNJALAU,MUNJALAU.NS
MUNJALSHOW,MUNJALSHOW.NS
MURUDCERA,MURUDCERA.NS
MUTHOOTCAP,MUTHOOTCAP.NS
MUTHOOTFIN,MUTHOOTFIN.NS
N100,N100.NS
NABARD,NABARD.NS
NACLIND,NACLIND.NS
NAGAFERT,NAGAFERT.NS
NAGREEKCAP,NAGREEKCAP.NS
NAGREEKEXP,NAGREEKEXP.NS
NAHARCAP,NAHARCAP.NS
NAHARINDUS,NAHARINDUS.NS
NAHARPOLY,NAHARPOLY.NS
NAHARSPING,NAHARSPING.NS
NAM-INDIA,NAM-INDIA.NS
NATCOPHARM,NATCOPHARM.NS
NATHBIOGEN,NATHBIOGEN.NS
NATIONALUM,NATIONALUM.NS
NATNLSTEEL,NATNLSTEEL.NS
NAUKRI,NAUKRI.NS
NAVINFLUOR,NAVINFLUOR.NS
NAVKARCORP,NAVKARCORP.NS
NAVNETEDUL,NAVNETEDUL.NS
NBCC,NBCC.NS
NBIFIN,NBIFIN.NS
NBVENTURES,NBVENTURES.NS
NCC,NCC.NS
NCLIND,NCLIND.NS
NDGL,NDGL.NS
NDL,NDL.NS
NDRAUTO,NDRAUTO.NS
NDTV,NDTV.NS
NECCLTD,NECCLTD.NS
NECLIFE,NECLIFE.NS
NELCAST,NELCAST.NS
NELCO,NELCO.NS
NEOGEN,NEOGEN.NS
NESCO,NESCO.NS
NESTLEIND,NESTLEIND.NS
NETF,NETF.NS
NETFCONSUM,NETFCONSUM.NS
NETFDIVOPP,NETFDIVOPP.NS
NETFIT,NETFIT.NS
NETFLTGILT,NETFLTGILT.NS
NETFMID150,NETFMID150.NS
NETFNIF100,NETFNIF100.NS
NETFNV20,NETFNV20.NS
NETWORK18,NETWORK18.NS
NEULANDLAB,NEULANDLAB.NS
NEWGEN,NEWGEN.NS
NEXTMEDIA,NEXTMEDIA.NS
NFL,NFL.NS
NH,NH.NS
NHAI,NHAI.NS
NHBTF2014,NHBTF2014.NS
NHBTF2023,NHBTF2023.NS
NHPC,NHPC.NS
NIACL,NIACL.NS
NIBL,NIBL.NS
NIFTYBEES,NIFTYBEES.NS
NIFTYEES,NIFTYEES.NS
NIITLTD,NIITLTD.NS
NILAINFRA,NILAINFRA.NS
NILASPACES,NILASPACES.NS
NILKAMAL,NILKAMAL.NS
NIPPOBATRY,NIPPOBATRY.NS
NITCO,NITCO.NS
NITINFIRE,NITINFIRE.NS
NITINSPIN,NITINSPIN.NS
NKIND,NKIND.NS
NLCINDIA,NLCINDIA.NS
NMDC,NMDC.NS
NOCIL,NOCIL.NS
NOIDATOLL,NOIDATOLL.NS
NORBTEAEXP,NORBTEAEXP.NS
NPBET,NPBET.NS
NRAIL,NRAIL.NS
NRBBEARING,NRBBEARING.NS
NSIL,NSIL.NS
NTL,NTL.NS
NTPC,NTPC.NS
NUCLEUS,NUCLEUS.NS
NXTDIGITAL,NXTDIGITAL.NS
OAL,OAL.NS
OBEROIRLTY,OBEROIRLTY.NS
OCCL,OCCL.NS
OFSS,OFSS.NS
OIL,OIL.NS
OILCOUNTUB,OILCOUNTUB.NS
OISL,OISL.NS
OLECTRA,OLECTRA.NS
OMAXAUTO,OMAXAUTO.NS
OMAXE,OMAXE.NS
OMKARCHEM,OMKARCHEM.NS
OMMETALS,OMMETALS.NS
ONELIFECAP,ONELIFECAP.NS
ONEPOINT,ONEPOINT.NS
ONGC,ONGC.NS
ONMOBILE,ONMOBILE.NS
ONWARDTEC,ONWARDTEC.NS
OPTIEMUS,OPTIEMUS.NS
OPTOCIRCUI,OPTOCIRCUI.NS
ORBTEXP,ORBTEXP.NS
ORICONENT,ORICONENT.NS
ORIENTABRA,ORIENTABRA.NS
ORIENTALTL,ORIENTALTL.NS
ORIENTBELL,ORIENTBELL.NS
ORIENTCEM,ORIENTCEM.NS
ORIENTELEC,ORIENTELEC.NS
ORIENTHOT,ORIENTHOT.NS
ORIENTLTD,ORIENTLTD.NS
ORIENTPPR,ORIENTPPR.NS
ORIENTREF,ORIENTREF.NS
ORISSAMINE,ORISSAMINE.NS
ORTEL,ORTEL.NS
ORTINLABSS,ORTINLABSS.NS
OSWALAGRO,OSWALAGRO.NS
OSWALSEEDS,OSWALSEEDS.NS
PAGEIND,PAGEIND.NS
PAISALO,PAISALO.NS
PALASHSECU,PALASHSECU.NS
PALREDTEC,PALREDTEC.NS
PANACEABIO,PANACEABIO.NS
PANACHE,PANACHE.NS
PANAMAPET,PANAMAPET.NS
PAPERPROD,PAPERPROD.NS
PAR,PAR.NS
PARABDRUGS,PARABDRUGS.NS
PARACABLES,PARACABLES.NS
PARAGMILK,PARAGMILK.NS
PARSVNATH,PARSVNATH.NS
PATELENG,PATELENG.NS
PATINTLOG,PATINTLOG.NS
PATSPINLTD,PATSPINLTD.NS
PCJEWELLER,PCJEWELLER.NS
PDMJEPAPER,PDMJEPAPER.NS
PDSMFL,PDSMFL.NS
PEARLPOLY,PEARLPOLY.NS
PEL,PEL.NS
PENIND,PENIND.NS
PENINLAND,PENINLAND.NS
PERSISTENT,PERSISTENT.NS
PETRONET,PETRONET.NS
PFC,PFC.NS
PFIZER,PFIZER.NS
PFOCUS,PFOCUS.NS
PFS,PFS.NS
PGEL,PGEL.NS
PGHH,PGHH.NS
PGHL,PGHL.NS
PGIL,PGIL.NS
PHILIPCARB,PHILIPCARB.NS
PHOENIXLTD,PHOENIXLTD.NS
PIDILITIND,PIDILITIND.NS
PIIND,PIIND.NS
PILANIINVS,PILANIINVS.NS
PILITA,PILITA.NS
PIONDIST,PIONDIST.NS
PIONEEREMB,PIONEEREMB.NS
PITTIENG,PITTIENG.NS
PKTEA,PKTEA.NS
PLASTIBLEN,PLASTIBLEN.NS
PNB,PNB.NS
PNBGILTS,PNBGILTS.NS
PNBHOUSING,PNBHOUSING.NS
PNC,PNC.NS
PNCINFRA,PNCINFRA.NS
PODDARHOUS,PODDARHOUS.NS
PODDARMENT,PODDARMENT.NS
POKARNA,POKARNA.NS
POLYCAB,POLYCAB.NS
POLYMED,POLYMED.NS
POLYPLEX,POLYPLEX.NS
PONNIERODE,PONNIERODE.NS
POWERGRID,POWERGRID.NS
POWERINDIA,POWERINDIA.NS
POWERMECH,POWERMECH.NS
PPAP,PPAP.NS
PPL,PPL.NS
PRABHAT,PRABHAT.NS
PRADIP,PRADIP.NS
PRAENG,PRAENG.NS
PRAJIND,PRAJIND.NS
PRAKASH,PRAKASH.NS
PRAKASHSTL,PRAKASHSTL.NS
PRAXIS,PRAXIS.NS
PRECAM,PRECAM.NS
PRECOT,PRECOT.NS
PRECWIRE,PRECWIRE.NS
PREMEXPLN,PREMEXPLN.NS
PREMIER,PREMIER.NS
PREMIERPOL,PREMIERPOL.NS
PRESSMN,PRESSMN.NS
PRESTIGE,PRESTIGE.NS
PRICOLLTD,PRICOLLTD.NS
PRIMESECU,PRIMESECU.NS
PRINCEPIPE,PRINCEPIPE.NS
PROSEED,PROSEED.NS
PROZONINTU,PROZONINTU.NS
PRSMJOHNSN,PRSMJOHNSN.NS
PSB,PSB.NS
PSL,PSL.NS
PSPPROJECT,PSPPROJECT.NS
PSUBNKBEES,PSUBNKBEES.NS
PTC,PTC.NS
PTL,PTL.NS
PUNJABCHEM,PUNJABCHEM.NS
PUNJLLOYD,PUNJLLOYD.NS
PURVA,PURVA.NS
PVR,PVR.NS
QGOLDHALF,QGOLDHALF.NS
QNIFTY,QNIFTY.NS
QUESS,QUESS.NS
QUICKHEAL,QUICKHEAL.NS
RADICO,RADICO.NS
RADIOCITY,RADIOCITY.NS
RAIN,RAIN.NS
RAJESHEXPO,RAJESHEXPO.NS
RAJRATAN,RAJRATAN.NS
RAJRAYON,RAJRAYON.NS
RAJSREESUG,RAJSREESUG.NS
RAJTV,RAJTV.NS
RALLIS,RALLIS.NS
RAMANEWS,RAMANEWS.NS
RAMASTEEL,RAMASTEEL.NS
RAMCOCEM,RAMCOCEM.NS
RAMCOIND,RAMCOIND.NS
RAMCOSYS,RAMCOSYS.NS
RAMKY,RAMKY.NS
RANASUG,RANASUG.NS
RANEENGINE,RANEENGINE.NS
RANEHOLDIN,RANEHOLDIN.NS
RATNAMANI,RATNAMANI.NS
RAYMOND,RAYMOND.NS
RBL,RBL.NS
RBLBANK,RBLBANK.NS
RCF,RCF.NS
RCOM,RCOM.NS
RECLTD,RECLTD.NS
REDINGTON,REDINGTON.NS
REFEX,REFEX.NS
RELAXO,RELAXO.NS
RELCAPITAL,RELCAPITAL.NS
RELIANCE,RELIANCE.NS
RELIANCEPP,RELIANCEPP.NS
RELIGARE,RELIGARE.NS
RELINFRA,RELINFRA.NS
REMSONSIND,REMSONSIND.NS
RENUKA,RENUKA.NS
REPCOHOME,REPCOHOME.NS
REPL,REPL.NS
REPRO,REPRO.NS
RESPONIND,RESPONIND.NS
REVATHI,REVATHI.NS
RGL,RGL.NS
RHFL,RHFL.NS
RICOAUTO,RICOAUTO.NS
RIIL,RIIL.NS
RITES,RITES.NS
RKDL,RKDL.NS
RKFORGE,RKFORGE.NS
RMCL,RMCL.NS
RMDRIP,RMDRIP.NS
RML,RML.NS
RNAVAL,RNAVAL.NS
ROHITFERRO,ROHITFERRO.NS
ROHLTD,ROHLTD.NS
ROLLT,ROLLT.NS
ROLTA,ROLTA.NS
ROSSARI,ROSSARI.NS
ROSSELLIND,ROSSELLIND.NS
RPGLIFE,RPGLIFE.NS
RPOWER,RPOWER.NS
RPPINFRA,RPPINFRA.NS
RPPL,RPPL.NS
RSSOFTWARE,RSSOFTWARE.NS
RSWM,RSWM.NS
RSYSTEMS,RSYSTEMS.NS
RTNINFRA,RTNINFRA.NS
RTNPOWER,RTNPOWER.NS
RUBYMILLS,RUBYMILLS.NS
RUCHI,RUCHI.NS
RUCHINFRA,RUCHINFRA.NS
RUCHIRA,RUCHIRA.NS
RUPA,RUPA.NS
RUSHIL,RUSHIL.NS
RVNL,RVNL.NS
S&SPOWER,S&SPOWER.NS
SABEVENTS,SABEVENTS.NS
SABTN,SABTN.NS
SADBHAV,SADBHAV.NS
SADBHIN,SADBHIN.NS
SAFARI,SAFARI.NS
SAGARDEEP,SAGARDEEP.NS
SAGCEM,SAGCEM.NS
SAIL,SAIL.NS
SAKAR,SAKAR.NS
SAKHTISUG,SAKHTISUG.NS
SAKSOFT,SAKSOFT.NS
SAKUMA,SAKUMA.NS
SALASAR,SALASAR.NS
SALONA,SALONA.NS
SALSTEEL,SALSTEEL.NS
SALZERELEC,SALZERELEC.NS
SAMBHAAV,SAMBHAAV.NS
SANCO,SANCO.NS
SANDESH,SANDESH.NS
SANDHAR,SANDHAR.NS
SANGAMIND,SANGAMIND.NS
SANGHIIND,SANGHIIND.NS
SANGHVIFOR,SANGHVIFOR.NS
SANGHVIMOV,SANGHVIMOV.NS
SANGINITA,SANGINITA.NS
SANOFI,SANOFI.NS
SANWARIA,SANWARIA.NS
SARDAEN,SARDAEN.NS
SAREGAMA,SAREGAMA.NS
SARLAPOLY,SARLAPOLY.NS
SARVESHWAR,SARVESHWAR.NS
SASKEN,SASKEN.NS
SASTASUNDR,SASTASUNDR.NS
SATHAISPAT,SATHAISPAT.NS
SATIA,SATIA.NS
SATIN,SATIN.NS
SATINPP,SATINPP.NS
SBICARD,SBICARD.NS
SBIETFQLTY,SBIETFQLTY.NS
SBILIFE,SBILIFE.NS
SBIN,SBIN.NS
SCAPDVR,SCAPDVR.NS
SCHAEFFLER,SCHAEFFLER.NS
SCHAND,SCHAND.NS
SCHNEIDER,SCHNEIDER.NS
SCI,SCI.NS
SDBL,SDBL.NS
SEAMECLTD,SEAMECLTD.NS
SELAN,SELAN.NS
SELMCL,SELMCL.NS
SEPOWER,SEPOWER.NS
SEQUENT,SEQUENT.NS
SESHAPAPER,SESHAPAPER.NS
SETCO,SETCO.NS
SETF10GILT,SETF10GILT.NS
SETFGOLD,SETFGOLD.NS
SETFNIF50,SETFNIF50.NS
SETFNIFBK,SETFNIFBK.NS
SETFNN50,SETFNN50.NS
SETUINFRA,SETUINFRA.NS
SEYAIND,SEYAIND.NS
SEZAL,SEZAL.NS
SFL,SFL.NS
SGBAPR28I,SGBAPR28I.NS
SGBAUG24,SGBAUG24.NS
SGBAUG27,SGBAUG27.NS
SGBAUG28V,SGBAUG28V.NS
SGBDC27VII,SGBDC27VII.NS
SGBDEC25,SGBDEC25.NS
SGBDEC25XI,SGBDEC25XI.NS
SGBFEB24,SGBFEB24.NS
SGBFEB27,SGBFEB27.NS
SGBFEB28IX,SGBFEB28IX.NS
SGBJAN27,SGBJAN27.NS
SGBJUL25,SGBJUL25.NS
SGBJUL27,SGBJUL27.NS
SGBJUL28IV,SGBJUL28IV.NS
SGBJUN28,SGBJUN28.NS
SGBMAR24,SGBMAR24.NS
SGBMAR25,SGBMAR25.NS
SGBMAR28X,SGBMAR28X.NS
SGBMAY25,SGBMAY25.NS
SGBMAY28,SGBMAY28.NS
SGBNOV23,SGBNOV23.NS
SGBNOV24,SGBNOV24.NS
SGBNOV258,SGBNOV258.NS
SGBNOV25VI,SGBNOV25VI.NS
SGBNOV26,SGBNOV26.NS
SGBOCT25,SGBOCT25.NS
SGBOCT25IV,SGBOCT25IV.NS
SGBOCT26,SGBOCT26.NS
SGBOCT27,SGBOCT27.NS
SGBOCT27VI,SGBOCT27VI.NS
SGBSEP24,SGBSEP24.NS
SGBSEP27,SGBSEP27.NS
SGL,SGL.NS
SHAHALLOYS,SHAHALLOYS.NS
SHAKTIPUMP,SHAKTIPUMP.NS
SHALBY,SHALBY.NS
SHALPAINTS,SHALPAINTS.NS
SHANKARA,SHANKARA.NS
SHANTIGEAR,SHANTIGEAR.NS
SHARDACROP,SHARDACROP.NS
SHARDAMOTR,SHARDAMOTR.NS
SHARIABEES,SHARIABEES.NS
SHEMAROO,SHEMAROO.NS
SHIL,SHIL.NS
SHILPAMED,SHILPAMED.NS
SHIRPUR-G,SHIRPUR-G.NS
SHIVAMAUTO,SHIVAMAUTO.NS
SHIVAMILLS,SHIVAMILLS.NS
SHIVATEX,SHIVATEX.NS
SHK,SHK.NS
SHOPERSTOP,SHOPERSTOP.NS
SHREDIGCEM,SHREDIGCEM.NS
SHREECEM,SHREECEM.NS
SHREEPUSHK,SHREEPUSHK.NS
SHREERAMA,SHREERAMA.NS
SHRENIK,SHRENIK.NS
SHREYANIND,SHREYANIND.NS
SHREYAS,SHREYAS.NS
SHRIPISTON,SHRIPISTON.NS
SHRIRAMCIT,SHRIRAMCIT.NS
SHRIRAMEPC,SHRIRAMEPC.NS
SHYAMCENT,SHYAMCENT.NS
SICAGEN,SICAGEN.NS
SICAL,SICAL.NS
SIEMENS,SIEMENS.NS
SIGIND,SIGIND.NS
SIL,SIL.NS
SILINV,SILINV.NS
SILLYMONKS,SILLYMONKS.NS
SIMBHALS,SIMBHALS.NS
SIMPLEXINF,SIMPLEXINF.NS
SINTERCOM,SINTERCOM.NS
SINTEX,SINTEX.NS
SIRCA,SIRCA.NS
SIS,SIS.NS
SITINET,SITINET.NS
SIYSIL,SIYSIL.NS
SJVN,SJVN.NS
SKFINDIA,SKFINDIA.NS
SKIL,SKIL.NS
SKIPPER,SKIPPER.NS
SKMEGGPROD,SKMEGGPROD.NS
SMARTLINK,SMARTLINK.NS
SMLISUZU,SMLISUZU.NS
SMPL,SMPL.NS
SMSLIFE,SMSLIFE.NS
SMSPHARMA,SMSPHARMA.NS
SMVD,SMVD.NS
SNOWMAN,SNOWMAN.NS
SOBHA,SOBHA.NS
SOFTTECH,SOFTTECH.NS
SOLARA,SOLARA.NS
SOLARINDS,SOLARINDS.NS
SOMANYCERA,SOMANYCERA.NS
SOMATEX,SOMATEX.NS
SOMICONVEY,SOMICONVEY.NS
SONAMCLOCK,SONAMCLOCK.NS
SONATSOFTW,SONATSOFTW.NS
SORILINFRA,SORILINFRA.NS
SOTL,SOTL.NS
SOUTHBANK,SOUTHBANK.NS
SOUTHWEST,SOUTHWEST.NS
SPAL,SPAL.NS
SPANDANA,SPANDANA.NS
SPARC,SPARC.NS
SPCENET,SPCENET.NS
SPECIALITY,SPECIALITY.NS
SPENCERS,SPENCERS.NS
SPENTEX,SPENTEX.NS
SPIC,SPIC.NS
SPICEJET,SPICEJET.NS
SPLIL,SPLIL.NS
SPMLINFRA,SPMLINFRA.NS
SPTL,SPTL.NS
SPYL,SPYL.NS
SREEL,SREEL.NS
SREIBNPNCD,SREIBNPNCD.NS
SREINFRA,SREINFRA.NS
SRF,SRF.NS
SRHHYPOLTD,SRHHYPOLTD.NS
SRIPIPES,SRIPIPES.NS
SRTRANSFIN,SRTRANSFIN.NS
SSWL,SSWL.NS
STAMPEDE,STAMPEDE.NS
STAR,STAR.NS
STARCEMENT,STARCEMENT.NS
STARPAPER,STARPAPER.NS
STCINDIA,STCINDIA.NS
STEELCITY,STEELCITY.NS
STEELXIND,STEELXIND.NS
STEL,STEL.NS
STERTOOLS,STERTOOLS.NS
STINDIA,STINDIA.NS
STRTECH,STRTECH.NS
SUBCAPCITY,SUBCAPCITY.NS
SUBEX,SUBEX.NS
SUBROS,SUBROS.NS
SUDARSCHEM,SUDARSCHEM.NS
SUJANAUNI,SUJANAUNI.NS
SUMEETINDS,SUMEETINDS.NS
SUMICHEM,SUMICHEM.NS
SUMIT,SUMIT.NS
SUMMITSEC,SUMMITSEC.NS
SUNCLAYLTD,SUNCLAYLTD.NS
SUNDARAM,SUNDARAM.NS
SUNDARMFIN,SUNDARMFIN.NS
SUNDARMHLD,SUNDARMHLD.NS
SUNDRMBRAK,SUNDRMBRAK.NS
SUNDRMFAST,SUNDRMFAST.NS
SUNFLAG,SUNFLAG.NS
SUNPHARMA,SUNPHARMA.NS
SUNTECK,SUNTECK.NS
SUNTV,SUNTV.NS
SUPERHOUSE,SUPERHOUSE.NS
SUPERSPIN,SUPERSPIN.NS
SUPPETRO,SUPPETRO.NS
SUPRAJIT,SUPRAJIT.NS
SUPREMEIND,SUPREMEIND.NS
SUPREMEINF,SUPREMEINF.NS
SURANASOL,SURANASOL.NS
SURANAT&P,SURANAT&P.NS
SURYALAXMI,SURYALAXMI.NS
SURYAROSNI,SURYAROSNI.NS
SUTLEJTEX,SUTLEJTEX.NS
SUVEN,SUVEN.NS
SUVENPHAR,SUVENPHAR.NS
SUZLON,SUZLON.NS
SVLL,SVLL.NS
SWANENERGY,SWANENERGY.NS
SWARAJENG,SWARAJENG.NS
SWELECTES,SWELECTES.NS
SWSOLAR,SWSOLAR.NS
SYMPHONY,SYMPHONY.NS
SYNCOM,SYNCOM.NS
SYNGENE,SYNGENE.NS
TAINWALCHM,TAINWALCHM.NS
TAJGVK,TAJGVK.NS
TAKE,TAKE.NS
TALBROAUTO,TALBROAUTO.NS
TALWALKARS,TALWALKARS.NS
TALWGYM,TALWGYM.NS
TANLA,TANLA.NS
TARACHAND,TARACHAND.NS
TARMAT,TARMAT.NS
TASTYBITE,TASTYBITE.NS
TATACAPHSG,TATACAPHSG.NS
TATACHEM,TATACHEM.NS
TATACOFFEE,TATACOFFEE.NS
TATACOMM,TATACOMM.NS
TATACONSUM,TATACONSUM.NS
TATAELXSI,TATAELXSI.NS
TATAINVEST,TATAINVEST.NS
TATAMETALI,TATAMETALI.NS
TATAMOTORS,TATAMOTORS.NS
TATAMTRDVR,TATAMTRDVR.NS
TATAPOWER,TATAPOWER.NS
TATASTEEL,TATASTEEL.NS
TATASTLBSL,TATASTLBSL.NS
TATASTLLP,TATASTLLP.NS
TATASTLPP,TATASTLPP.NS
TBZ,TBZ.NS
TCFSL,TCFSL.NS
TCI,TCI.NS
TCIDEVELOP,TCIDEVELOP.NS
TCIEXP,TCIEXP.NS
TCIFINANCE,TCIFINANCE.NS
TCNSBRANDS,TCNSBRANDS.NS
TCPLPACK,TCPLPACK.NS
TCS,TCS.NS
TDPOWERSYS,TDPOWERSYS.NS
TEAMLEASE,TEAMLEASE.NS
TECHIN,TECHIN.NS
TECHM,TECHM.NS
TECHNOE,TECHNOE.NS
TECHNOFAB,TECHNOFAB.NS
TEJASNET,TEJASNET.NS
TERASOFT,TERASOFT.NS
TEXINFRA,TEXINFRA.NS
TEXMOPIPES,TEXMOPIPES.NS
TEXRAIL,TEXRAIL.NS
TFCILTD,TFCILTD.NS
TFL,TFL.NS
TGBHOTELS,TGBHOTELS.NS
THANGAMAYL,THANGAMAYL.NS
THEINVEST,THEINVEST.NS
THEJO,THEJO.NS
THEMISMED,THEMISMED.NS
THERMAX,THERMAX.NS
THIRUSUGAR,THIRUSUGAR.NS
THOMASCOOK,THOMASCOOK.NS
THOMASCOTT,THOMASCOTT.NS
THYROCARE,THYROCARE.NS
TI,TI.NS
TIDEWATER,TIDEWATER.NS
TIIL,TIIL.NS
TIINDIA,TIINDIA.NS
TIJARIA,TIJARIA.NS
TIL,TIL.NS
TIMESGTY,TIMESGTY.NS
TIMETECHNO,TIMETECHNO.NS
TIMKEN,TIMKEN.NS
TINPLATE,TINPLATE.NS
TIPSINDLTD,TIPSINDLTD.NS
TIRUMALCHM,TIRUMALCHM.NS
TIRUPATI,TIRUPATI.NS
TIRUPATIFL,TIRUPATIFL.NS
TITAN,TITAN.NS
TMRVL,TMRVL.NS
TNPETRO,TNPETRO.NS
TNPL,TNPL.NS
TNTELE,TNTELE.NS
TOKYOPLAST,TOKYOPLAST.NS
TORNTPHARM,TORNTPHARM.NS
TORNTPOWER,TORNTPOWER.NS
TOTAL,TOTAL.NS
TOUCHWOOD,TOUCHWOOD.NS
TPLPLASTEH,TPLPLASTEH.NS
TREEHOUSE,TREEHOUSE.NS
TREJHARA,TREJHARA.NS
TRENT,TRENT.NS
TRF,TRF.NS
TRIDENT,TRIDENT.NS
TRIGYN,TRIGYN.NS
TRIL,TRIL.NS
TRITURBINE,TRITURBINE.NS
TRIVENI,TRIVENI.NS
TTKHLTCARE,TTKHLTCARE.NS
TTKPRESTIG,TTKPRESTIG.NS
TTL,TTL.NS
TTML,TTML.NS
TV18BRDCST,TV18BRDCST.NS
TVSELECT,TVSELECT.NS
TVSMOTOR,TVSMOTOR.NS
TVSSRICHAK,TVSSRICHAK.NS
TVTODAY,TVTODAY.NS
TVVISION,TVVISION.NS
TWL,TWL.NS
UBL,UBL.NS
UCALFUEL,UCALFUEL.NS
UCL,UCL.NS
UCOBANK,UCOBANK.NS
UFLEX,UFLEX.NS
UFO,UFO.NS
UGARSUGAR,UGARSUGAR.NS
UJAAS,UJAAS.NS
UJJIVAN,UJJIVAN.NS
UJJIVANSFB,UJJIVANSFB.NS
ULTRACEMCO,ULTRACEMCO.NS
UMANGDAIRY,UMANGDAIRY.NS
UMESLTD,UMESLTD.NS
UNICHEMLAB,UNICHEMLAB.NS
UNIENTER,UNIENTER.NS
UNIONBANK,UNIONBANK.NS
UNIPLY,UNIPLY.NS
UNITECH,UNITECH.NS
UNITEDTEA,UNITEDTEA.NS
UNITY,UNITY.NS
UNIVASTU,UNIVASTU.NS
UNIVCABLES,UNIVCABLES.NS
UNIVPHOTO,UNIVPHOTO.NS
UPL,UPL.NS
URJA,URJA.NS
USHAMART,USHAMART.NS
UTIBANKETF,UTIBANKETF.NS
UTIFEFRGR4,UTIFEFRGR4.NS
UTIFEFRGR5,UTIFEFRGR5.NS
UTINEXT50,UTINEXT50.NS
UTINIFTETF,UTINIFTETF.NS
UTISENSETF,UTISENSETF.NS
UTISXN50,UTISXN50.NS
UTTAMSTL,UTTAMSTL.NS
UTTAMSUGAR,UTTAMSUGAR.NS
UVSL,UVSL.NS
V2RETAIL,V2RETAIL.NS
VADILALIND,VADILALIND.NS
VAIBHAVGBL,VAIBHAVGBL.NS
VAISHALI,VAISHALI.NS
VAKRANGEE,VAKRANGEE.NS
VARDHACRLC,VARDHACRLC.NS
VARDMNPOLY,VARDMNPOLY.NS
VARROC,VARROC.NS
VASA,VASA.NS
VASCONEQ,VASCONEQ.NS
VASWANI,VASWANI.NS
VBL,VBL.NS
VEDL,VEDL.NS
VENKEYS,VENKEYS.NS
VENUSREM,VENUSREM.NS
VERTOZ,VERTOZ.NS
VESUVIUS,VESUVIUS.NS
VETO,VETO.NS
VGUARD,VGUARD.NS
VHL,VHL.NS
VICEROY,VICEROY.NS
VIDEOIND,VIDEOIND.NS
VIDHIING,VIDHIING.NS
VIJIFIN,VIJIFIN.NS
VIKASECO,VIKASECO.NS
VIKASMCORP,VIKASMCORP.NS
VIKASPROP,VIKASPROP.NS
VIKASWSP,VIKASWSP.NS
VIMTALABS,VIMTALABS.NS
VINATIORGA,VINATIORGA.NS
VINDHYATEL,VINDHYATEL.NS
VINYLINDIA,VINYLINDIA.NS
VIPCLOTHNG,VIPCLOTHNG.NS
VIPIND,VIPIND.NS
VIPULLTD,VIPULLTD.NS
VISAKAIND,VISAKAIND.NS
VISASTEEL,VISASTEEL.NS
VISHAL,VISHAL.NS
VISHNU,VISHNU.NS
VISHWARAJ,VISHWARAJ.NS
VIVIDHA,VIVIDHA.NS
VIVIMEDLAB,VIVIMEDLAB.NS
VLSFINANCE,VLSFINANCE.NS
VMART,VMART.NS
VOLTAMP,VOLTAMP.NS
VOLTAS,VOLTAS.NS
VRLLOG,VRLLOG.NS
VSSL,VSSL.NS
VSTIND,VSTIND.NS
VSTTILLERS,VSTTILLERS.NS
VTL,VTL.NS
WABAG,WABAG.NS
WABCOINDIA,WABCOINDIA.NS
WALCHANNAG,WALCHANNAG.NS
WANBURY,WANBURY.NS
WATERBASE,WATERBASE.NS
WEBELSOLAR,WEBELSOLAR.NS
WEIZMANIND,WEIZMANIND.NS
WELCORP,WELCORP.NS
WELENT,WELENT.NS
WELINV,WELINV.NS
WELSPUNIND,WELSPUNIND.NS
WENDT,WENDT.NS
WESTLIFE,WESTLIFE.NS
WEWIN,WEWIN.NS
WHEELS,WHEELS.NS
WHIRLPOOL,WHIRLPOOL.NS
WILLAMAGOR,WILLAMAGOR.NS
WINDMACHIN,WINDMACHIN.NS
WIPL,WIPL.NS
WIPRO,WIPRO.NS
WOCKPHARMA,WOCKPHARMA.NS
WONDERLA,WONDERLA.NS
WORTH,WORTH.NS
WSI,WSI.NS
WSTCSTPAPR,WSTCSTPAPR.NS
XCHANGING,XCHANGING.NS
XELPMOC,XELPMOC.NS
XPROINDIA,XPROINDIA.NS
YESBANK,YESBANK.NS
ZEEL,ZEEL.NS
ZEELEARN,ZEELEARN.NS
ZEEMEDIA,ZEEMEDIA.NS
ZENITHEXPO,ZENITHEXPO.NS
ZENITHSTL,ZENITHSTL.NS
ZENSARTECH,ZENSARTECH.NS
ZENTEC,ZENTEC.NS
ZICOM,ZICOM.NS
ZODIACLOTH,ZODIACLOTH.NS
ZODJRDMKJ,ZODJRDMKJ.NS
ZOTA,ZOTA.NS
ZUARI,ZUARI.NS
ZUARIGLOB,ZUARIGLOB.NS
ZYDUSWELL,ZYDUSWELL.NS